Exchange Date,Close,Net,%Chg,Open,Low,High,Volume,Turnover - USD,Flow
31-Jul-2024,103.21,-0.55,-0.53%,103.09,102.25,104.32,"1,527,862","157,791,835.00","2,835,892,200.00"
30-Jul-2024,103.76,+1.28,+1.25%,103.62,102.79,104.12,"1,799,794","186,523,137.00","2,993,684,035.00"
29-Jul-2024,102.48,-1.71,-1.64%,104.25,102.35,104.53,"1,675,509","171,980,761.00","2,807,160,898.00"
26-Jul-2024,104.19,+0.63,+0.61%,104.89,104.04,105.89,"1,760,799","183,936,026.00","2,979,141,659.00"
25-Jul-2024,103.56,+1.59,+1.56%,102.03,101.99,104.18,"1,705,489","176,459,471.00","2,795,205,633.00"
24-Jul-2024,101.97,-1.53,-1.48%,103.29,101.75,103.97,"3,430,304","350,357,444.00","2,618,746,162.00"
23-Jul-2024,103.50,+1.06,+1.03%,102.45,102.18,104.16,"2,746,391","284,108,096.00","2,969,103,606.00"
22-Jul-2024,102.44,+0.35,+0.34%,102.58,101.95,103.22,"2,486,110","254,768,849.00","2,684,995,510.00"
19-Jul-2024,102.09,-2.72,-2.60%,104.71,101.73,104.71,"3,295,493","338,115,055.00","2,430,226,661.00"
18-Jul-2024,104.81,-2.15,-2.01%,106.20,104.33,107.62,"2,517,354","264,440,714.00","2,768,341,716.00"
17-Jul-2024,106.96,+0.74,+0.70%,105.09,104.53,107.69,"2,269,502","241,669,793.00","3,032,782,430.00"
16-Jul-2024,106.22,+0.96,+0.91%,104.12,102.90,109.05,"3,009,343","319,583,665.00","2,791,112,637.00"
15-Jul-2024,105.26,+1.17,+1.12%,103.71,103.26,106.52,"2,706,503","284,623,716.00","2,471,528,972.00"
12-Jul-2024,104.09,-0.55,-0.53%,104.91,103.97,105.81,"2,169,890","226,619,403.00","2,186,905,256.00"
11-Jul-2024,104.64,+1.18,+1.14%,104.25,103.94,105.27,"2,192,783","229,542,113.00","2,413,524,659.00"
10-Jul-2024,103.46,+0.85,+0.83%,102.51,102.06,103.51,"1,774,905","183,335,016.00","2,183,982,546.00"
09-Jul-2024,102.61,+2.02,+2.01%,100.60,99.98,102.89,"1,990,173","203,629,849.00","2,000,647,530.00"
08-Jul-2024,100.59,+1.00,+1.00%,99.83,99.83,101.24,"1,213,612","122,074,988.00","1,797,017,681.00"
05-Jul-2024,99.59,-0.61,-0.61%,99.84,98.91,100.10,"1,279,484","127,347,956.00","1,674,942,693.00"
03-Jul-2024,100.20,+0.55,+0.55%,99.81,99.50,100.60,"969,465","97,073,989.00","1,802,290,649.00"
02-Jul-2024,99.65,+0.49,+0.49%,98.97,98.64,99.80,"2,197,231","218,765,280.00","1,705,216,660.00"
01-Jul-2024,99.16,+1.97,+2.03%,97.44,97.44,99.36,"1,781,015","176,131,750.00","1,486,451,380.00"
28-Jun-2024,97.19,+1.42,+1.48%,96.68,96.21,97.32,"3,448,560","334,735,724.00","1,310,319,630.00"
27-Jun-2024,95.77,-1.12,-1.16%,96.03,95.18,96.31,"1,882,567","180,238,094.00","975,583,906.00"
26-Jun-2024,96.89,-0.91,-0.93%,97.38,96.10,97.67,"1,338,456","129,672,109.00","1,155,822,000.00"
25-Jun-2024,97.80,+0.70,+0.72%,96.95,96.73,98.34,"1,745,427","170,629,231.00","1,285,494,109.00"
24-Jun-2024,97.10,+0.94,+0.98%,96.73,96.24,97.65,"2,276,945","221,117,089.00","1,114,864,878.00"
21-Jun-2024,96.16,-1.28,-1.31%,97.25,95.89,97.36,"5,309,007","511,861,056.00","893,747,789.00"
20-Jun-2024,97.44,-0.13,-0.13%,97.80,97.13,98.00,"1,241,098","120,983,843.00","1,405,608,845.00"
18-Jun-2024,97.57,+0.53,+0.55%,97.00,96.81,97.66,"2,276,495","222,017,667.00","1,526,592,688.00"
17-Jun-2024,97.04,+1.54,+1.61%,95.01,94.74,97.18,"1,555,611","150,665,517.00","1,304,575,021.00"
14-Jun-2024,95.50,+0.29,+0.30%,94.39,94.00,95.52,"998,041","95,120,133.00","1,153,909,504.00"
13-Jun-2024,95.21,-0.44,-0.46%,95.20,94.63,95.42,"1,198,876","114,116,826.00","1,058,789,371.00"
12-Jun-2024,95.65,+0.22,+0.23%,97.35,95.62,97.78,"1,621,034","155,525,979.00","1,172,906,197.00"
11-Jun-2024,95.43,-0.96,-1.00%,95.64,94.74,95.86,"1,958,566","186,928,783.00","1,017,380,218.00"
10-Jun-2024,96.39,-0.75,-0.77%,96.54,95.46,96.81,"1,232,255","118,780,508.00","1,204,309,001.00"
07-Jun-2024,97.14,+0.29,+0.30%,96.13,95.95,97.68,"1,395,504","135,549,747.00","1,323,089,509.00"
06-Jun-2024,96.85,+0.19,+0.20%,96.42,96.27,97.43,"1,795,640","173,890,397.00","1,187,539,762.00"
05-Jun-2024,96.66,+0.08,+0.08%,96.84,96.51,97.57,"1,348,745","130,480,233.00","1,013,649,365.00"
04-Jun-2024,96.58,-0.83,-0.85%,96.08,95.68,97.52,"1,750,884","169,048,572.00","883,169,132.00"
03-Jun-2024,97.41,-0.43,-0.44%,98.01,96.57,98.10,"1,054,706","98,588,305.00","1,052,217,704.00"
31-May-2024,97.84,+0.61,+0.63%,97.17,96.41,97.96,"3,031,567","296,157,616.00","1,150,806,009.00"
30-May-2024,97.23,-0.04,-0.04%,97.40,96.60,97.81,"1,183,993","115,019,596.00","854,648,393.00"
29-May-2024,97.27,-1.40,-1.42%,97.15,96.49,97.70,"1,172,845","114,097,498.00","969,667,989.00"
28-May-2024,98.67,-0.30,-0.30%,98.43,98.42,99.45,"1,914,056","188,924,928.00","1,083,765,487.00"
24-May-2024,98.97,+0.05,+0.05%,99.51,98.82,99.91,"1,189,555","117,854,066.00","1,272,690,415.00"
23-May-2024,98.92,-1.82,-1.81%,100.38,98.53,100.54,"2,090,839","207,004,673.00","1,154,836,349.00"
22-May-2024,100.74,-0.79,-0.78%,101.13,100.17,102.50,"1,641,163","165,388,772.00","1,361,841,022.00"
21-May-2024,101.53,+1.20,+1.20%,100.48,100.17,103.25,"1,946,270","197,613,230.00","1,527,229,794.00"
20-May-2024,100.33,+0.11,+0.11%,100.05,99.38,100.89,"1,661,551","166,718,704.00","1,329,616,564.00"
17-May-2024,100.22,+0.64,+0.64%,99.99,99.32,100.30,"1,321,427","132,298,927.00","1,162,897,860.00"
16-May-2024,99.58,-0.94,-0.94%,100.15,99.48,100.41,"1,250,892","124,739,140.00","1,030,598,933.00"
15-May-2024,100.52,+1.14,+1.15%,100.03,100.03,100.97,"2,099,491","210,966,201.00","1,155,338,073.00"
14-May-2024,99.38,+0.82,+0.83%,99.00,98.89,100.17,"1,387,302","138,005,375.00","944,371,872.00"
13-May-2024,98.56,+0.28,+0.28%,98.75,98.43,98.97,"1,264,963","124,783,386.00","806,366,497.00"
10-May-2024,98.28,+0.17,+0.17%,98.68,97.63,98.99,"1,348,470","132,530,695.00","681,583,111.00"
09-May-2024,98.11,+2.47,+2.58%,95.59,95.59,98.25,"1,854,913","181,298,275.00","549,052,416.00"
08-May-2024,95.64,-0.15,-0.16%,95.40,95.10,96.05,"1,265,487","121,051,454.00","367,754,141.00"
07-May-2024,95.79,+1.00,+1.05%,95.00,94.75,95.93,"1,778,622","170,162,403.00","488,805,595.00"
06-May-2024,94.79,+1.15,+1.23%,94.56,93.89,94.91,"1,243,186","117,643,759.00","318,643,192.00"
03-May-2024,93.64,+0.99,+1.07%,93.43,93.39,94.38,"1,320,668","123,679,420.00","200,999,433.00"
02-May-2024,92.65,+1.11,+1.21%,92.37,91.62,92.91,"1,390,857","128,735,966.00","77,320,013.00"
01-May-2024,91.54,+0.70,+0.77%,91.28,90.74,92.45,"1,519,027","138,998,411.00","-51,415,953.00"
30-Apr-2024,90.84,-1.27,-1.38%,91.81,90.56,91.81,"1,960,086","178,165,584.00","-190,414,364.00"
29-Apr-2024,92.11,-0.72,-0.78%,91.59,91.59,92.78,"1,156,646","106,557,963.00","-12,248,780.00"
26-Apr-2024,92.83,+0.27,+0.29%,92.50,92.40,93.31,"1,314,875","122,103,542.00","94,309,183.00"
25-Apr-2024,92.56,-1.29,-1.37%,93.00,91.66,93.63,"2,349,691","217,464,083.00","-27,794,359.00"
24-Apr-2024,93.85,+0.09,+0.10%,93.18,93.03,94.05,"1,948,696","182,713,257.00","189,669,724.00"
23-Apr-2024,93.76,+1.67,+1.81%,92.31,92.31,94.05,"2,092,637","195,983,488.00","6,956,467.00"
22-Apr-2024,92.09,+1.43,+1.58%,91.00,90.73,92.65,"2,253,539","207,406,928.00","-189,027,021.00"
19-Apr-2024,90.66,+0.40,+0.44%,90.60,90.44,91.62,"2,104,842","191,012,860.00","-396,433,949.00"
18-Apr-2024,90.26,+0.18,+0.20%,90.59,89.75,91.11,"1,834,515","165,718,670.00","-587,446,809.00"
17-Apr-2024,90.08,+0.94,+1.05%,90.46,89.67,91.44,"1,958,172","176,704,670.00","-753,165,479.00"
16-Apr-2024,89.14,+2.15,+2.47%,91.00,88.00,91.05,"3,100,291","277,423,048.00","-929,870,149.00"
15-Apr-2024,86.99,+0.80,+0.93%,87.88,86.51,89.08,"2,504,781","218,313,240.00","-1,207,293,197.00"
12-Apr-2024,86.19,-0.65,-0.75%,85.73,85.12,86.78,"2,663,253","229,246,329.00","-1,425,606,437.00"
11-Apr-2024,86.84,-4.81,-5.25%,91.72,85.01,91.80,"4,439,839","387,885,805.00","-1,196,360,108.00"
10-Apr-2024,91.65,-2.43,-2.58%,92.27,91.19,92.88,"2,171,999","199,154,786.00","-808,474,303.00"
09-Apr-2024,94.08,+0.87,+0.93%,93.61,92.84,94.12,"1,015,738","95,375,138.00","-609,319,517.00"
08-Apr-2024,93.21,+0.74,+0.80%,93.00,92.20,93.40,"1,307,733","121,829,654.00","-704,694,655.00"
05-Apr-2024,92.47,+0.19,+0.21%,92.21,91.63,93.28,"1,097,565","101,507,379.00","-826,524,309.00"
04-Apr-2024,92.28,-0.72,-0.77%,94.20,91.86,94.69,"1,705,878","157,837,123.00","-928,031,688.00"
03-Apr-2024,93.00,+0.29,+0.31%,92.95,92.87,94.30,"1,319,212","122,848,598.00","-770,194,565.00"
02-Apr-2024,92.71,-0.82,-0.88%,92.97,92.56,93.77,"1,318,731","122,387,509.00","-893,043,163.00"
01-Apr-2024,93.53,-0.63,-0.67%,94.16,93.18,94.42,"1,022,133","95,653,240.00","-770,655,654.00"
28-Mar-2024,94.16,+0.66,+0.71%,93.75,93.46,94.72,"2,311,627","217,611,528.00","-675,002,414.00"
27-Mar-2024,93.50,+2.22,+2.43%,92.03,91.97,93.54,"1,787,737","166,808,835.00","-892,613,942.00"
26-Mar-2024,91.28,+0.14,+0.15%,91.42,90.94,91.90,"1,159,976","105,928,033.00","-1,059,422,777.00"
25-Mar-2024,91.14,-0.81,-0.88%,91.77,90.99,92.51,"1,003,903","91,573,800.00","-1,165,350,810.00"
22-Mar-2024,91.95,-1.45,-1.55%,93.65,91.74,93.84,"1,544,294","142,202,350.00","-1,073,777,010.00"
21-Mar-2024,93.40,+2.05,+2.24%,92.00,91.99,94.36,"3,248,439","303,122,065.00","-931,574,660.00"
20-Mar-2024,91.35,+2.93,+3.31%,88.05,87.95,91.46,"2,347,144","213,468,059.00","-1,234,696,725.00"
19-Mar-2024,88.42,+0.46,+0.52%,88.00,87.94,89.09,"1,904,772","168,454,307.00","-1,448,164,784.00"
18-Mar-2024,87.96,-0.42,-0.48%,88.36,87.71,88.66,"1,579,574","138,994,388.00","-1,616,619,091.00"
15-Mar-2024,88.38,-0.72,-0.81%,88.30,88.17,89.27,"10,354,640","915,373,824.00","-1,477,624,703.00"
14-Mar-2024,89.10,-0.25,-0.28%,89.00,88.26,89.40,"2,397,304","213,350,925.00","-562,250,879.00"
13-Mar-2024,89.35,+2.30,+2.64%,87.45,87.30,90.24,"2,160,021","192,881,685.00","-348,899,954.00"
12-Mar-2024,87.05,+0.11,+0.13%,87.24,86.64,87.74,"1,145,091","99,749,299.00","-541,781,639.00"
11-Mar-2024,86.94,-0.10,-0.11%,86.82,85.85,87.20,"1,154,742","100,220,414.00","-641,530,938.00"
08-Mar-2024,87.04,+0.90,+1.04%,86.62,86.62,88.31,"2,336,860","203,705,804.00","-541,310,524.00"
07-Mar-2024,86.14,+0.48,+0.56%,86.08,85.66,87.11,"2,235,143","192,634,430.00","-745,016,328.00"
06-Mar-2024,85.66,-3.47,-3.89%,86.59,84.44,87.93,"5,271,017","452,193,457.00","-937,650,758.00"
05-Mar-2024,89.13,-0.91,-1.01%,89.19,88.62,91.14,"2,985,212","267,066,285.00","-485,457,301.00"
04-Mar-2024,90.04,+3.56,+4.12%,88.28,88.05,91.23,"4,193,773","377,407,125.00","-218,391,016.00"
01-Mar-2024,86.48,+0.44,+0.51%,86.22,85.13,86.79,"1,232,593","106,437,551.00","-595,798,141.00"
29-Feb-2024,86.04,-0.01,-0.01%,86.49,85.37,86.64,"2,640,754","227,224,942.00","-702,235,692.00"
28-Feb-2024,86.05,+0.56,+0.66%,85.43,85.41,86.08,"1,525,117","131,066,762.00","-475,010,750.00"
27-Feb-2024,85.49,-0.18,-0.21%,85.97,85.12,86.44,"1,662,768","142,217,889.00","-606,077,512.00"
26-Feb-2024,85.67,-0.88,-1.02%,86.50,85.57,87.33,"1,339,092","114,987,512.00","-463,859,623.00"
23-Feb-2024,86.55,+0.70,+0.82%,86.07,85.98,87.25,"1,417,276","122,796,428.00","-348,872,111.00"
22-Feb-2024,85.85,+0.39,+0.46%,85.70,85.63,86.73,"2,236,337","192,117,631.00","-471,668,539.00"
21-Feb-2024,85.46,+0.11,+0.13%,84.95,84.54,85.48,"1,760,307","150,143,297.00","-663,786,170.00"
20-Feb-2024,85.35,-1.15,-1.33%,85.78,85.11,86.46,"1,837,101","156,933,914.00","-813,929,467.00"
16-Feb-2024,86.50,+0.83,+0.97%,85.52,85.08,86.78,"2,236,446","193,117,542.00","-656,995,553.00"
15-Feb-2024,85.67,+1.67,+1.99%,84.54,84.54,86.23,"1,843,102","157,669,424.00","-850,113,095.00"
14-Feb-2024,84.00,+0.03,+0.04%,84.54,83.70,84.95,"1,514,361","127,341,234.00","-1,007,782,519.00"
13-Feb-2024,83.97,-2.90,-3.34%,85.75,83.10,85.85,"3,526,114","296,337,125.00","-1,135,123,753.00"
12-Feb-2024,86.87,+0.98,+1.14%,85.93,85.64,87.64,"2,144,676","186,461,604.00","-838,786,628.00"
09-Feb-2024,85.89,+0.24,+0.28%,85.70,85.33,86.03,"1,600,973","137,425,716.00","-1,025,248,232.00"
08-Feb-2024,85.65,-0.35,-0.41%,85.66,85.16,86.21,"1,401,714","120,124,142.00","-1,162,673,948.00"
07-Feb-2024,86.00,-0.10,-0.12%,86.26,85.31,86.35,"1,382,668","118,980,427.00","-1,042,549,806.00"
06-Feb-2024,86.10,+0.21,+0.24%,85.80,85.80,86.55,"1,477,526","127,247,190.00","-923,569,379.00"
05-Feb-2024,85.89,-1.38,-1.58%,86.32,85.09,86.43,"1,844,845","158,571,572.00","-1,050,816,569.00"
02-Feb-2024,87.27,+0.45,+0.52%,86.31,86.00,87.66,"1,985,352","173,118,632.00","-892,244,997.00"
01-Feb-2024,86.82,-0.42,-0.48%,87.15,85.64,88.15,"1,792,258","155,512,106.00","-1,065,363,629.00"
31-Jan-2024,87.24,-0.38,-0.43%,87.33,87.23,88.74,"2,834,055","247,988,733.00","-909,851,523.00"
30-Jan-2024,87.62,0.00,0.00%,87.15,86.79,88.07,"1,805,102","158,059,496.00","-661,862,790.00"
29-Jan-2024,87.62,-0.11,-0.13%,87.29,85.72,87.95,"1,846,159","160,847,954.00","-503,803,294.00"
26-Jan-2024,87.73,-0.29,-0.33%,88.00,87.65,88.50,"1,896,763","166,634,827.00","-342,955,340.00"
25-Jan-2024,88.02,+0.45,+0.51%,88.28,87.33,88.42,"2,129,322","187,234,400.00","-176,320,513.00"
24-Jan-2024,87.57,+0.83,+0.96%,87.56,87.20,88.29,"3,658,927","320,537,261.00","-363,554,913.00"
23-Jan-2024,86.74,+1.01,+1.18%,85.73,85.22,86.85,"1,732,633","149,823,371.00","-684,092,174.00"
22-Jan-2024,85.73,+0.39,+0.46%,85.45,85.45,86.75,"3,274,876","280,928,413.00","-833,915,545.00"
19-Jan-2024,85.34,+1.44,+1.72%,83.75,83.22,85.59,"4,134,356","351,314,745.00","-1,114,843,958.00"
18-Jan-2024,83.90,-0.51,-0.60%,84.83,83.28,84.93,"3,534,831","296,870,227.00","-1,466,158,703.00"
17-Jan-2024,84.41,-1.56,-1.81%,84.16,83.91,85.14,"4,196,770","354,058,605.00","-1,169,288,476.00"
16-Jan-2024,85.97,-3.73,-4.16%,87.00,84.81,88.15,"4,882,950","420,074,852.00","-815,229,871.00"
12-Jan-2024,89.70,-0.81,-0.89%,91.28,89.43,91.86,"2,296,566","206,327,263.00","-395,155,019.00"
11-Jan-2024,90.51,-0.97,-1.06%,90.89,89.56,90.91,"2,115,798","191,337,688.00","-188,827,756.00"
10-Jan-2024,91.48,-0.58,-0.63%,91.41,91.29,91.97,"2,303,572","210,781,479.00","2,509,932.00"
09-Jan-2024,92.06,-1.45,-1.55%,92.65,91.66,92.79,"2,043,461","188,341,468.00","213,291,411.00"
08-Jan-2024,93.51,+0.27,+0.29%,93.21,92.28,93.82,"1,714,171","160,049,422.00","401,632,879.00"
05-Jan-2024,93.24,+1.09,+1.18%,92.21,92.07,93.92,"1,780,875","166,006,067.00","241,583,457.00"
04-Jan-2024,92.15,+0.24,+0.26%,92.15,91.73,93.13,"2,236,050","206,358,957.00","75,577,390.00"
03-Jan-2024,91.91,-1.99,-2.12%,93.03,91.27,93.15,"2,588,123","238,107,669.00","-130,781,567.00"
02-Jan-2024,93.90,+0.65,+0.70%,92.66,92.46,94.14,"1,880,487","176,234,172.00","107,326,102.00"
29-Dec-2023,93.25,-0.39,-0.42%,93.49,93.06,93.77,"1,490,389","139,052,886.00","-68,908,070.00"
28-Dec-2023,93.64,-0.02,-0.02%,93.31,93.24,93.94,"999,234","93,578,362.00","70,144,816.00"
27-Dec-2023,93.66,+0.82,+0.88%,92.69,92.45,93.69,"1,112,892","104,029,783.00","163,723,178.00"
26-Dec-2023,92.84,+0.43,+0.47%,92.61,92.40,93.02,"750,041","69,631,903.00","59,693,395.00"
22-Dec-2023,92.41,-0.22,-0.24%,92.90,92.27,93.66,"1,712,031","158,521,292.00","-9,938,508.00"
21-Dec-2023,92.63,+1.49,+1.63%,92.18,91.64,92.66,"2,550,712","235,892,882.00","148,582,784.00"
20-Dec-2023,91.14,-0.78,-0.85%,91.52,90.94,92.31,"2,909,534","265,660,995.00","-87,310,098.00"
19-Dec-2023,91.92,+1.16,+1.28%,90.81,90.81,92.35,"1,714,644","157,566,871.00","178,350,897.00"
18-Dec-2023,90.76,-0.82,-0.90%,91.51,90.62,91.66,"2,571,765","233,684,796.00","20,784,026.00"
15-Dec-2023,91.58,+0.54,+0.59%,90.30,90.30,91.84,"7,373,610","673,469,677.00","254,468,822.00"
14-Dec-2023,91.04,+5.41,+6.32%,87.51,87.46,91.88,"4,667,334","423,039,589.00","-419,000,855.00"
13-Dec-2023,85.63,+2.03,+2.43%,83.44,83.34,86.11,"3,792,324","323,913,275.00","-842,040,444.00"
12-Dec-2023,83.60,+0.78,+0.94%,82.64,82.57,83.66,"2,229,947","186,218,830.00","-1,165,953,719.00"
11-Dec-2023,82.82,+0.54,+0.66%,82.28,81.96,82.83,"1,747,475","144,437,196.00","-1,352,172,549.00"
08-Dec-2023,82.28,+1.93,+2.40%,80.28,80.15,82.66,"2,932,811","240,854,684.00","-1,496,609,745.00"
07-Dec-2023,80.35,+0.94,+1.18%,80.05,79.64,80.57,"1,613,083","129,531,376.00","-1,737,464,429.00"
06-Dec-2023,79.41,-0.76,-0.95%,81.04,79.33,81.76,"2,016,039","161,181,562.00","-1,866,995,805.00"
05-Dec-2023,80.17,-1.04,-1.28%,80.68,79.60,80.80,"1,495,121","119,823,646.00","-1,705,814,243.00"
04-Dec-2023,81.21,+0.32,+0.40%,80.15,80.06,81.46,"1,992,328","161,655,137.00","-1,585,990,597.00"
01-Dec-2023,80.89,+1.55,+1.95%,79.11,78.75,80.98,"1,905,773","153,543,389.00","-1,747,645,734.00"
30-Nov-2023,79.34,+0.79,+1.01%,78.73,78.24,79.47,"2,782,877","220,586,340.00","-1,901,189,123.00"
29-Nov-2023,78.55,+1.67,+2.17%,77.48,77.35,79.53,"1,758,121","138,130,700.00","-2,121,775,463.00"
28-Nov-2023,76.88,-1.07,-1.37%,77.25,76.33,77.25,"2,686,297","206,470,755.00","-2,259,906,163.00"
27-Nov-2023,77.95,-0.70,-0.89%,78.19,77.60,78.34,"1,524,212","118,819,669.00","-2,053,435,408.00"
24-Nov-2023,78.65,+0.16,+0.20%,78.26,78.05,78.90,"725,026","57,003,412.00","-1,934,615,739.00"
22-Nov-2023,78.49,+0.02,+0.03%,78.87,78.21,78.87,"1,107,318","86,930,818.00","-1,991,619,151.00"
21-Nov-2023,78.47,-1.23,-1.54%,79.01,78.22,79.34,"1,989,182","156,339,197.00","-2,078,549,969.00"
20-Nov-2023,79.70,-0.58,-0.72%,79.96,79.35,80.19,"2,121,473","169,296,992.00","-1,922,210,772.00"
17-Nov-2023,80.28,+0.62,+0.78%,80.33,79.95,80.44,"1,722,180","138,232,053.00","-1,752,913,780.00"
16-Nov-2023,79.66,-0.02,-0.03%,79.93,79.06,80.27,"2,112,285","168,167,575.00","-1,891,145,833.00"
15-Nov-2023,79.68,+1.37,+1.75%,78.85,78.57,80.03,"2,413,993","192,082,253.00","-1,722,978,258.00"
14-Nov-2023,78.31,+3.27,+4.36%,76.87,76.85,78.96,"3,126,691","244,793,987.00","-1,915,060,511.00"
13-Nov-2023,75.04,-0.29,-0.38%,74.75,74.71,75.52,"988,849","74,263,447.00","-2,159,854,498.00"
10-Nov-2023,75.33,+1.14,+1.54%,74.69,74.06,75.39,"1,973,312","148,187,857.00","-2,085,591,051.00"
09-Nov-2023,74.19,-1.78,-2.34%,75.87,73.96,76.02,"2,240,250","166,877,713.00","-2,233,778,908.00"
08-Nov-2023,75.97,+0.46,+0.61%,75.41,75.06,76.18,"1,891,317","143,411,165.00","-2,066,901,195.00"
07-Nov-2023,75.51,-0.41,-0.54%,75.78,74.94,76.17,"1,687,395","127,453,095.00","-2,210,312,360.00"
06-Nov-2023,75.92,-0.34,-0.45%,76.52,75.37,76.73,"2,050,022","155,499,822.00","-2,082,859,265.00"
03-Nov-2023,76.26,+2.80,+3.81%,74.59,74.59,76.68,"3,160,051","240,708,279.00","-1,927,359,443.00"
02-Nov-2023,73.46,+2.51,+3.54%,72.02,71.84,73.53,"2,546,013","186,105,648.00","-2,168,067,722.00"
01-Nov-2023,70.95,+0.13,+0.18%,71.12,70.70,71.90,"2,212,481","157,217,935.00","-2,354,173,370.00"
31-Oct-2023,70.82,+0.23,+0.33%,70.70,70.27,71.01,"2,355,831","166,675,053.00","-2,511,391,305.00"
30-Oct-2023,70.59,+0.19,+0.27%,70.11,69.42,70.89,"2,366,741","166,532,901.00","-2,678,066,358.00"
27-Oct-2023,70.40,-1.67,-2.32%,71.91,70.20,72.00,"3,200,151","226,189,446.00","-2,844,599,259.00"
26-Oct-2023,72.07,+0.67,+0.94%,71.41,71.41,72.68,"2,226,469","160,558,318.00","-2,618,409,813.00"
25-Oct-2023,71.40,-0.16,-0.22%,71.21,71.13,71.89,"2,271,224","162,218,923.00","-2,778,968,131.00"
24-Oct-2023,71.56,-0.14,-0.20%,71.99,71.08,72.10,"2,068,766","148,102,295.00","-2,616,749,208.00"
23-Oct-2023,71.70,-1.43,-1.96%,72.70,71.24,72.70,"3,775,708","271,305,672.00","-2,468,646,913.00"
20-Oct-2023,73.13,+0.21,+0.29%,73.26,72.36,73.99,"3,089,168","226,241,397.00","-2,197,341,241.00"
19-Oct-2023,72.92,-1.96,-2.62%,74.85,72.89,76.43,"3,616,746","265,880,744.00","-2,423,582,638.00"
18-Oct-2023,74.88,-5.45,-6.78%,76.50,73.41,77.07,"7,121,960","533,161,606.00","-2,157,701,894.00"
17-Oct-2023,80.33,+1.60,+2.03%,78.01,78.01,80.62,"3,217,078","257,307,576.00","-1,624,540,288.00"
16-Oct-2023,78.73,+0.94,+1.21%,78.62,77.91,79.18,"1,721,050","135,457,801.00","-1,881,847,864.00"
13-Oct-2023,77.79,-0.02,-0.03%,78.50,77.35,79.22,"1,777,753","138,538,690.00","-2,017,305,665.00"
12-Oct-2023,77.81,-1.09,-1.38%,78.50,77.30,78.77,"3,044,537","237,122,940.00","-1,878,766,975.00"
11-Oct-2023,78.90,-1.23,-1.54%,79.86,78.71,80.19,"2,308,901","182,477,958.00","-1,641,644,035.00"
10-Oct-2023,80.13,+0.22,+0.28%,80.47,80.02,81.11,"1,805,031","144,855,682.00","-1,459,166,077.00"
09-Oct-2023,79.91,-0.42,-0.52%,79.47,78.94,80.08,"1,160,674","92,500,044.00","-1,604,021,759.00"
06-Oct-2023,80.33,+1.18,+1.49%,78.72,78.42,80.78,"1,712,733","137,314,519.00","-1,511,521,715.00"
05-Oct-2023,79.15,+0.06,+0.08%,78.48,78.02,79.54,"1,409,878","111,436,162.00","-1,648,836,234.00"
04-Oct-2023,79.09,+1.07,+1.37%,77.96,77.61,79.29,"1,802,544","142,134,241.00","-1,760,272,396.00"
03-Oct-2023,78.02,-2.39,-2.97%,79.51,77.84,79.76,"2,120,054","165,880,595.00","-1,902,406,637.00"
02-Oct-2023,80.41,-1.26,-1.54%,81.08,79.91,81.44,"1,681,855","135,204,533.00","-1,736,526,042.00"
29-Sep-2023,81.67,-0.52,-0.63%,82.93,81.04,83.08,"2,076,185","169,690,222.00","-1,601,321,509.00"
28-Sep-2023,82.19,+0.54,+0.66%,81.45,81.45,82.54,"1,364,615","112,038,781.00","-1,431,631,287.00"
27-Sep-2023,81.65,-0.52,-0.63%,82.29,81.10,82.56,"1,449,162","118,416,250.00","-1,543,670,068.00"
26-Sep-2023,82.17,-0.86,-1.04%,82.15,81.73,82.74,"1,320,131","108,493,523.00","-1,425,253,818.00"
25-Sep-2023,83.03,-0.26,-0.31%,82.63,82.30,83.28,"1,222,771","101,446,361.00","-1,316,760,295.00"
22-Sep-2023,83.29,-1.59,-1.87%,84.71,83.01,84.92,"2,102,713","175,590,504.00","-1,215,313,934.00"
21-Sep-2023,84.88,-2.26,-2.59%,86.41,84.83,86.51,"2,328,780","198,080,486.00","-1,039,723,430.00"
20-Sep-2023,87.14,-1.37,-1.55%,88.98,87.06,89.15,"1,405,695","123,347,799.00","-841,642,944.00"
19-Sep-2023,88.51,-0.20,-0.23%,88.78,87.94,89.46,"1,637,711","144,967,760.00","-718,295,145.00"
18-Sep-2023,88.71,+0.30,+0.34%,88.57,87.56,89.05,"1,648,340","146,125,234.00","-573,327,385.00"
15-Sep-2023,88.41,-0.66,-0.74%,88.11,87.94,88.73,"10,185,460","900,166,776.00","-719,452,619.00"
14-Sep-2023,89.07,+1.82,+2.09%,88.27,87.93,89.10,"2,306,110","205,089,485.00","180,714,157.00"
13-Sep-2023,87.25,+1.70,+1.99%,86.17,86.17,87.80,"2,997,427","261,447,563.00","-24,375,328.00"
12-Sep-2023,85.55,+2.04,+2.44%,83.24,83.24,86.51,"1,947,530","166,336,477.00","-285,822,891.00"
11-Sep-2023,83.51,-1.41,-1.66%,85.49,83.35,85.62,"1,910,613","160,162,019.00","-452,159,368.00"
08-Sep-2023,84.92,+1.08,+1.29%,84.15,83.68,84.95,"1,257,408","106,599,000.00","-291,997,349.00"
07-Sep-2023,83.84,-0.32,-0.38%,83.99,83.78,84.86,"1,489,751","125,154,252.00","-398,596,349.00"
06-Sep-2023,84.16,-0.68,-0.80%,84.28,83.35,84.74,"1,791,182","150,683,011.00","-273,442,097.00"
05-Sep-2023,84.84,-0.91,-1.06%,85.93,84.81,86.26,"1,443,054","122,759,086.00","-122,759,086.00"
01-Sep-2023,85.75,,,86.00,85.29,86.43,"1,327,195","113,837,380.00",0.00